patient_id,patient_name,email
P001,Nguyễn Văn An,nguyenvanan@gmail.com
P002,Trần Thị Bình,tranthibibnh@gmail.com
P003,Lê Văn Cường,levancuong@gmail.com
P004,Phạm Thị Dung,phamthidung@gmail.com
P005,Hoàng Văn Em,hoangvanem@gmail.com
P006,Vũ Thị Phương,vuthiphuong@gmail.com
P007,Đặng Văn Giang,dangvangiang@gmail.com
P008,Bùi Thị Hoa,buithihoa@gmail.com
P009,Ngô Văn Inh,ngovaiinh@gmail.com
P010,Đinh Thị Khanh,dinhthikhanh@gmail.com
P011,Trương Văn Long,truongvanlong@gmail.com
P012,Võ Thị Mai,vothimai@gmail.com
P013,kitaro,mpta2k5@gmail.com
P014,kiki,2311090001@studenthuph.edu.vn
P015,kintaro,mapta2k5@gmail.com
